dataset,generator,method,model,samples,sample_mode,sample_seed,candidate_count,beam_size,budget,tri_metric_weights,rouge1,rouge2,rougeL,rougeLsum,bertscore_f1,bertscore_status,factcc,factcc_status,minicheck,minicheck_status,alignscore,alignscore_status,factkb,factkb_status,ordering,stage1_reuse_source,selection_group,source_result
cnn_dailymail,bart,baseline,facebook/bart-large-cnn,11490,shuffle,42,4,4,full output,,44.05,21.07,30.62,40.99,88.21,,75.83,,94.90,,91.56,,98.49,,,,cnn_dailymail_baselines,cnn_dailymail/bart/baseline/archive_before_beam10_timed_20260426_010042/beam4_baseline_raw_hfrouge_shuffle_seed42_results.txt
cnn_dailymail,bart,dpp,facebook/bart-large-cnn,11490,shuffle,42,5,5,4 sentences,,41.67,19.36,27.96,38.85,87.72,,76.92,,96.93,,93.14,,98.83,,,,cnn_dailymail_selectors,cnn_dailymail/bart/dpp/dpp_minicheck_redundancy/beam5_dpp_minicheck_redundancy_hfrouge_shuffle_seed42_results.txt
cnn_dailymail,bart,ilp,facebook/bart-large-cnn,11490,shuffle,42,5,5,4 sentences,"rouge=0.100000, minicheck=0.200000, redundancy=0.700000",42.84,19.91,28.46,39.87,87.91,,76.71,,96.76,,92.56,,98.65,,,,cnn_dailymail_selectors,cnn_dailymail/bart/ilp/ilp_tri_metric_softilp_per_edge_wr010_wm020_wd070/beam5_ilp_tri_metric_hfrouge_shuffle_seed42_results.txt
cnn_dailymail,bart,mmr,facebook/bart-large-cnn,11490,shuffle,42,5,5,4 sentences,"rouge=0.000000, minicheck=0.500000, redundancy=0.500000",41.85,19.44,28.03,38.99,87.75,,76.55,,96.22,,92.42,,98.67,,,,cnn_dailymail_selectors,cnn_dailymail/bart/mmr/mmr_tri_metric/beam5_mmr_tri_metric_hfrouge_shuffle_seed42_results.txt
cnn_dailymail,gemma_4_e4b,baseline,google/gemma-4-E4B-it,11490,shuffle,42,,,direct full output,,30.51,6.41,18.07,27.40,86.19,,53.99,,69.49,,71.32,,89.59,,none (baseline direct generation),,cnn_dailymail_baselines,cnn_dailymail/gemma4_e4b/baseline/full_cnn_hf_fulleval_max32k_20260504_133317/baseline_hfrouge_shuffle_seed42_results.txt
cnn_dailymail,llama3_8b,baseline,meta-llama/Llama-3.1-8B-Instruct,11490,shuffle,42,,,direct full output,,38.98,14.82,24.20,35.28,87.72,,46.78,,76.00,,75.08,,98.51,,none (baseline direct generation),,cnn_dailymail_baselines,cnn_dailymail/llama3_8b/baseline/full_cnn_hf_fulleval_max32k_20260504_021611/baseline_hfrouge_shuffle_seed42_results.txt
cnn_dailymail,llama3_8b,dpp,meta-llama/Llama-3.1-8B-Instruct,11490,shuffle,42,8,,4 sentences,"rouge=0.010000, minicheck=0.495000, redundancy=0.495000",26.89,5.27,16.54,23.48,85.21,,52.27,,85.78,,78.61,,98.20,,source_similarity,outputs/cnn_dailymail/llama3_8b/ilp/full_cnn_dailymail_co_tri_metric_requested_full_resume_llama_cnn_co/beam8_ilp_tri_metric_hfrouge_shuffle_seed42_stage_outputs.jsonl,cnn_dailymail_selectors,cnn_dailymail/llama3_8b/dpp/full_cnn_dailymail_co_tri_metric_requested_full_resume_llama_cnn_co/beam8_dpp_tri_metric_hfrouge_shuffle_seed42_results.txt
cnn_dailymail,llama3_8b,ilp,meta-llama/Llama-3.1-8B-Instruct,11490,shuffle,42,8,,4 sentences,"rouge=0.200000, minicheck=0.600000, redundancy=0.200000",27.96,5.75,16.95,24.35,85.39,,50.06,,84.61,,77.98,,98.30,,source_similarity,outputs/cnn_dailymail/llama3_8b/ilp/full_cnn_dailymail_co_tri_metric_requested_full_resume_llama_cnn_co/beam8_ilp_tri_metric_hfrouge_shuffle_seed42_stage_outputs.jsonl,cnn_dailymail_selectors,cnn_dailymail/llama3_8b/ilp/full_cnn_dailymail_co_tri_metric_balanced_wr020_wm060_wd020_reuse_ilp_stage1/beam8_ilp_tri_metric_hfrouge_shuffle_seed42_results.txt
cnn_dailymail,llama3_8b,mmr,meta-llama/Llama-3.1-8B-Instruct,11490,shuffle,42,8,,4 sentences,"rouge=0.200000, minicheck=0.600000, redundancy=0.200000",29.18,6.14,17.33,25.53,85.68,,49.94,,83.69,,77.52,,97.98,,source_similarity,outputs/cnn_dailymail/llama3_8b/ilp/full_cnn_dailymail_co_tri_metric_requested_full_resume_llama_cnn_co/beam8_ilp_tri_metric_hfrouge_shuffle_seed42_stage_outputs.jsonl,cnn_dailymail_selectors,cnn_dailymail/llama3_8b/mmr/full_cnn_dailymail_co_tri_metric_balanced_wr020_wm060_wd020_reuse_ilp_stage1/beam8_mmr_tri_metric_hfrouge_shuffle_seed42_results.txt
cnn_dailymail,qwen3.5_9B,baseline,Qwen/Qwen3.5-9B,11490,shuffle,42,,,direct full output,,34.88,10.91,20.33,30.77,86.96,,40.16,,56.82,,65.17,,98.12,,none (baseline direct generation),,cnn_dailymail_baselines,cnn_dailymail/qwen3_5_9b/baseline/full_cnn_hf_fulleval_20260502_114205/baseline_hfrouge_shuffle_seed42_results.txt
multi_news,gemma_4_e4b,baseline,google/gemma-4-E4B-it,5622,shuffle,42,,,direct full output,,35.44,6.53,16.27,31.86,84.89,,48.49,,,unavailable (ValueError('torch.cat(): expected a non-empty list of Tensors')),66.35,,87.68,,none (baseline direct generation),,multi_news_baselines,multi_news/gemma4_e4b/baseline/full_multi_news_baseline_requested_full_resume_gemma_multinews_baseline/baseline_hfrouge_shuffle_seed42_results.txt
multi_news,llama3_8b,baseline,meta-llama/Llama-3.1-8B-Instruct,5622,shuffle,42,,,direct full output,,38.84,8.68,18.16,34.81,85.42,,38.35,,,unavailable (ValueError('torch.cat(): expected a non-empty list of Tensors')),59.04,,90.99,,none (baseline direct generation),,multi_news_baselines,multi_news/llama3_8b/baseline/full_multi_news_baseline_requested_full_resume_llama_multinews_baseline/baseline_hfrouge_shuffle_seed42_results.txt
multi_news,primera_multinews,baseline,allenai/PRIMERA-multinews,5622,shuffle,42,5,5,direct full output,,41.10,15.88,22.17,37.30,86.89,,37.40,,63.06,,53.30,,94.36,,none (baseline direct generation),,multi_news_baselines,multi_news/primera_multinews/baseline/full_multi_news_baseline_requested_full_resume_primera_multinews_baseline/beam5_baseline_hfrouge_shuffle_seed42_results.txt
multi_news,primera_multinews,dpp,allenai/PRIMERA-multinews,5622,shuffle,42,8,8,8 sentences,"rouge=0.010000, minicheck=0.495000, redundancy=0.495000",34.31,10.99,18.90,31.05,84.02,,40.10,,77.88,,65.98,,89.20,,source_similarity,outputs/multi_news/primera_multinews/ilp/full_multi_news_co_tri_metric_requested_full_resume_primera_multinews_co/beam8_ilp_tri_metric_hfrouge_shuffle_seed42_stage_outputs.jsonl,multi_news_selectors,multi_news/primera_multinews/dpp/full_multi_news_co_tri_metric_requested_full_resume_primera_multinews_co/beam8_dpp_tri_metric_hfrouge_shuffle_seed42_results.txt
multi_news,primera_multinews,ilp,allenai/PRIMERA-multinews,5622,shuffle,42,8,8,8 sentences,"rouge=0.100000, minicheck=0.200000, redundancy=0.700000",39.58,14.04,20.55,35.63,85.39,,36.77,,70.95,,59.45,,88.94,,source_similarity,,multi_news_selectors,multi_news/primera_multinews/ilp/full_multi_news_co_tri_metric_requested_full_resume_primera_multinews_co/beam8_ilp_tri_metric_hfrouge_shuffle_seed42_results.txt
multi_news,primera_multinews,mmr,allenai/PRIMERA-multinews,5622,shuffle,42,8,8,8 sentences,"rouge=0.100000, minicheck=0.200000, redundancy=0.700000",41.18,14.86,20.98,37.28,85.61,,33.82,,62.74,,54.12,,87.72,,source_similarity,outputs/multi_news/primera_multinews/ilp/full_multi_news_co_tri_metric_requested_full_resume_primera_multinews_co/beam8_ilp_tri_metric_hfrouge_shuffle_seed42_stage_outputs.jsonl,multi_news_selectors,multi_news/primera_multinews/mmr/full_multi_news_co_tri_metric_requested_full_resume_primera_multinews_co/beam8_mmr_tri_metric_hfrouge_shuffle_seed42_results.txt
multi_news,qwen3.5_9B,baseline,Qwen/Qwen3.5-9B,5622,shuffle,42,,,direct full output,,38.31,6.74,15.96,34.05,84.82,,42.01,,,unavailable (ValueError('torch.cat(): expected a non-empty list of Tensors')),53.08,,86.98,,none (baseline direct generation),,multi_news_baselines,multi_news/qwen3_5_9b/baseline/full_multi_news_baseline_requested_full_resume_qwen_multinews_baseline/baseline_hfrouge_shuffle_seed42_results.txt
